id,direction,entry_price,tp_price,sl_price,result,pnl_points,profit_currency
1,buy,4248.92,4250.42,4249.69,tp,77.0,0.77
2,sell,4245.11,4242.0199999999995,4243.3,tp,181.0,1.81
3,buy,4242.33,4244.6,4238.93,sl,-340.0,-3.4
4,buy,4241.72,4244.110000000001,4242.48,tp,76.0,0.76
5,sell,4242.38,4239.86,4241.21,tp,117.0,1.17
6,sell,4241.41,4238.95,4240.69,tp,72.0,0.72
7,sell,4240.38,4238.27,4239.45,tp,93.0,0.93
8,sell,4239.61,4237.37,4242.969999999999,sl,-336.0,-3.36
9,sell,4242.18,4239.84,4241.24,tp,94.0,0.94
10,sell,4245.37,4243.96,4245.07,tp,30.0,0.3
11,sell,4247.26,4244.71,4246.48,tp,78.0,0.78
12,buy,4246.49,4248.94,4247.49,tp,100.0,1.0
13,buy,4247.29,4249.92,4247.91,tp,62.0,0.62
14,sell,4243.63,4240.09,4242.24,tp,139.0,1.3900000000000001
15,sell,4242.06,4237.81,4240.8,tp,126.0,1.26
16,sell,4238.63,4234.29,4236.09,tp,254.0,2.54
17,sell,4232.14,4227.740000000001,4230.06,tp,208.0,2.08
18,sell,4244.73,4239.759999999999,4242.37,tp,236.0,2.36
19,sell,4244.1,4239.150000000001,4242.37,tp,173.0,1.73
20,sell,4241.81,4235.01,4252.01,sl,-1020.0,-10.2
21,sell,4242.21,4236.2,4251.2300000000005,sl,-902.0,-9.02
22,buy,4258.83,4263.14,4260.28,tp,145.0,1.45
23,buy,4258.15,4261.089999999999,4260.02,tp,187.0,1.87
24,sell,4256.75,4253.75,4255.24,tp,151.0,1.51
25,buy,4254.67,4258.77,4248.52,sl,-615.0,-6.15
26,sell,4253.52,4248.67,4250.55,tp,297.0,2.9699999999999998
27,sell,4252.24,4247.65,4250.55,tp,169.0,1.69
28,buy,4255.57,4259.23,4257.61,tp,204.0,2.04
29,buy,4258.62,4262.3099999999995,4260.62,tp,200.0,2.0
30,buy,4260.82,4264.0599999999995,4265.13,tp,324.0,3.24
31,sell,4259.76,4257.39,4263.31,sl,-355.0,-3.55
32,buy,4260.61,4263.21,4261.52,tp,91.0,0.91
33,buy,4260.5,4262.84,4261.52,tp,102.0,1.02
34,buy,4266.19,4269.889999999999,4268.0,tp,181.0,1.81
35,sell,4267.32,4263.2699999999995,4265.04,tp,228.0,2.2800000000000002
36,sell,4263.39,4259.84,4261.12,tp,227.0,2.27
37,sell,4262.71,4259.58,4267.41,sl,-470.0,-4.7
38,buy,4267.21,4269.54,4263.72,sl,-349.0,-3.49
39,buy,4264.59,4267.9400000000005,4266.74,tp,215.0,2.15
40,buy,4269.69,4274.179999999999,4271.17,tp,148.0,1.48
41,sell,4268.57,4264.17,4267.17,tp,140.0,1.4
42,sell,4266.67,4262.85,4265.1,tp,157.0,1.5699999999999998
43,sell,4266.09,4262.89,4265.1,tp,99.0,0.99
44,buy,4266.64,4269.780000000001,4270.26,tp,314.0,3.14
45,buy,4272.39,4277.12,4274.57,tp,218.0,2.18
46,buy,4280.16,4285.4,4282.44,tp,228.0,2.2800000000000002
47,buy,4282.89,4287.51,4285.22,tp,233.0,2.33
48,buy,4287.39,4292.860000000001,4290.07,tp,268.0,2.68
49,buy,4292.22,4297.06,4284.96,sl,-726.0,-7.26
50,sell,4290.0,4285.81,4288.21,tp,179.0,1.79
51,buy,4286.51,4290.55,4288.39,tp,188.0,1.88
52,sell,4285.7,4281.76,4284.17,tp,153.0,1.53
53,buy,4285.13,4289.1,4286.43,tp,130.0,1.3
54,buy,4290.99,4294.86,4292.47,tp,148.0,1.48
55,buy,4296.07,4299.849999999999,4299.89,tp,378.0,3.7800000000000002
56,buy,4295.04,4298.83,4300.25,tp,379.0,3.79
57,buy,4310.84,4319.360000000001,4313.89,tp,305.0,3.05
58,buy,4307.12,4311.46,4308.96,tp,184.0,1.8399999999999999
59,buy,4307.55,4312.04,4308.96,tp,141.0,1.41
60,buy,4306.3,4310.75,4308.96,tp,266.0,2.66
61,buy,4306.48,4310.209999999999,4307.52,tp,104.0,1.04
62,sell,4306.55,4303.12,4303.5,tp,343.0,3.43
63,sell,4309.29,4305.9,4307.72,tp,157.0,1.5699999999999998
64,sell,4310.94,4306.629999999999,4309.39,tp,155.0,1.55
65,buy,4309.88,4314.11,4313.82,tp,423.0,4.23
66,buy,4316.55,4320.8,4317.77,tp,122.0,1.22
67,buy,4317.72,4321.45,4319.52,tp,180.0,1.8
68,buy,4320.23,4323.65,4324.01,tp,342.0,3.42
69,sell,4317.14,4313.410000000001,4322.740000000001,sl,-560.0,-5.6
70,buy,4325.83,4330.85,4327.41,tp,158.0,1.58
71,sell,4322.62,4318.84,4321.45,tp,117.0,1.17
72,sell,4323.69,4319.95,4321.45,tp,224.0,2.24
73,buy,4326.54,4330.7,4320.3,sl,-624.0,-6.24
74,sell,4312.44,4306.58,4301.53,tp,586.0,5.86
75,sell,4310.53,4303.36,4321.29,sl,-1076.0,-10.76
76,buy,4351.44,4361.139999999999,4355.26,tp,382.0,3.82
77,sell,4349.29,4341.94,4360.31,sl,-1102.0,-11.02
78,buy,4356.77,4365.240000000001,4360.23,tp,346.0,3.46
79,sell,4333.63,4323.31,4328.47,tp,516.0,5.16
80,buy,4352.13,4360.24,4355.69,tp,356.0,3.56
81,buy,4347.48,4354.589999999999,4350.13,tp,265.0,2.65
82,sell,4346.44,4339.49,4343.25,tp,319.0,3.19
83,sell,4346.54,4339.35,4342.92,tp,362.0,3.62
84,sell,4344.63,4338.150000000001,4341.22,tp,341.0,3.41
85,sell,4341.76,4335.51,4351.13,sl,-937.0,-9.37
86,buy,4351.01,4358.8,4355.69,tp,468.0,4.68
87,buy,4350.05,4355.320000000001,4352.03,tp,198.0,1.98
88,sell,4345.08,4340.55,4341.52,tp,356.0,3.56
89,buy,4343.99,4349.17,4347.57,tp,358.0,3.58
90,sell,4347.03,4341.99,4343.97,tp,306.0,3.06
91,sell,4346.51,4341.85,4342.82,tp,369.0,3.69
92,buy,4341.65,4347.2,4333.32,sl,-833.0,-8.33
93,sell,4333.86,4328.29,4331.03,tp,283.0,2.83
94,buy,4340.08,4343.91,4341.6,tp,152.0,1.52
95,buy,4337.68,4342.740000000001,4330.09,sl,-759.0,-7.59
96,sell,4336.62,4332.96,4333.12,tp,366.0,3.66
97,buy,4333.85,4337.700000000001,4335.29,tp,144.0,1.44
98,sell,4332.52,4328.900000000001,4337.96,sl,-544.0,-5.44
99,buy,4338.24,4342.07,4344.43,tp,383.0,3.83
100,buy,4337.43,4340.950000000001,4344.43,tp,352.0,3.52
101,sell,4336.42,4333.4,4335.6,tp,82.0,0.82
102,sell,4334.21,4331.11,4338.86,sl,-465.0,-4.65
103,buy,4342.43,4347.1,4344.68,tp,225.0,2.25
104,buy,4348.54,4353.29,4341.42,sl,-712.0,-7.12
105,sell,4347.9,4344.5199999999995,4344.86,tp,338.0,3.38
106,buy,4344.32,4348.5199999999995,4338.009999999999,sl,-631.0,-6.31
107,sell,4341.41,4337.84,4339.56,tp,185.0,1.85
108,buy,4341.59,4345.08,4342.65,tp,106.0,1.06
109,sell,4340.83,4337.39,4339.89,tp,94.0,0.94
110,sell,4338.55,4335.67,4337.69,tp,86.0,0.86
111,buy,4337.04,4339.71,4340.13,tp,267.0,2.67
112,buy,4340.64,4343.900000000001,4341.94,tp,130.0,1.3
113,sell,4340.46,4337.7,4339.75,tp,71.0,0.71
114,buy,4341.04,4343.35,4337.57,open_end,26.0,0.26
