id,direction,entry_price,tp_price,sl_price,result,pnl_points,pnl_percent
1,sell,4244.33,4242.83,4246.33,tp,150.0,0.035
2,sell,4241.6,4240.1,4243.6,sl,-200.0,-0.047
3,buy,4245.69,4247.19,4243.69,tp,150.0,0.035
4,sell,4247.02,4245.52,4249.02,sl,-200.0,-0.047
5,buy,4248.72,4250.22,4246.72,tp,150.0,0.035
6,sell,4236.65,4235.15,4238.65,tp,150.0,0.035
7,buy,4248.92,4250.42,4246.92,sl,-200.0,-0.047
8,buy,4246.88,4248.38,4244.88,sl,-200.0,-0.047
9,sell,4245.11,4243.61,4247.11,tp,150.0,0.035
10,buy,4242.33,4243.83,4240.33,sl,-200.0,-0.047
11,buy,4238.15,4239.65,4236.15,tp,150.0,0.035
12,buy,4238.01,4239.51,4236.01,tp,150.0,0.035
13,buy,4241.72,4243.22,4239.72,tp,150.0,0.035
14,sell,4242.38,4240.88,4244.38,tp,150.0,0.035
15,sell,4241.41,4239.91,4243.41,tp,150.0,0.035
16,sell,4240.38,4238.88,4242.38,tp,150.0,0.035
17,sell,4239.61,4238.11,4241.61,sl,-200.0,-0.047
18,buy,4241.06,4242.56,4239.06,tp,150.0,0.035
19,sell,4241.82,4240.32,4243.82,tp,150.0,0.035
20,sell,4242.18,4240.68,4244.18,tp,150.0,0.035
21,sell,4243.94,4242.44,4245.94,sl,-200.0,-0.047
22,buy,4245.69,4247.19,4243.69,sl,-200.0,-0.047
23,sell,4245.83,4244.33,4247.83,tp,150.0,0.035
24,buy,4245.93,4247.43,4243.93,sl,-200.0,-0.047
25,sell,4245.37,4243.87,4247.37,tp,150.0,0.035
26,sell,4244.92,4243.42,4246.92,tp,150.0,0.035
27,buy,4247.61,4249.11,4245.61,sl,-200.0,-0.047
28,sell,4247.26,4245.76,4249.26,tp,150.0,0.035
29,buy,4246.49,4247.99,4244.49,tp,150.0,0.035
30,buy,4247.29,4248.79,4245.29,tp,150.0,0.035
31,buy,4249.08,4250.58,4247.08,tp,150.0,0.035
32,sell,4243.63,4242.13,4245.63,tp,150.0,0.035
33,sell,4242.06,4240.56,4244.06,tp,150.0,0.035
34,sell,4241.58,4240.08,4243.58,tp,150.0,0.035
35,sell,4238.63,4237.13,4240.63,sl,-200.0,-0.047
36,buy,4241.77,4243.27,4239.77,sl,-200.0,-0.047
37,buy,4234.78,4236.28,4232.78,tp,150.0,0.035
38,buy,4234.86,4236.36,4232.86,sl,-200.0,-0.047
39,sell,4232.14,4230.64,4234.14,tp,150.0,0.035
40,sell,4237.8,4236.3,4239.8,tp,150.0,0.035
41,buy,4240.53,4242.03,4238.53,tp,150.0,0.035
42,sell,4244.73,4243.23,4246.73,sl,-200.0,-0.047
43,sell,4244.1,4242.6,4246.1,tp,150.0,0.035
44,sell,4241.81,4240.31,4243.81,sl,-200.0,-0.047
45,sell,4242.21,4240.71,4244.21,sl,-200.0,-0.047
46,buy,4253.99,4255.49,4251.99,sl,-200.0,-0.047
47,sell,4252.94,4251.44,4254.94,sl,-200.0,-0.047
48,buy,4255.06,4256.56,4253.06,tp,150.0,0.035
49,buy,4258.83,4260.33,4256.83,tp,150.0,0.035
50,buy,4260.61,4262.11,4258.61,sl,-200.0,-0.047
51,sell,4257.51,4256.01,4259.51,sl,-200.0,-0.047
52,sell,4258.62,4257.12,4260.62,sl,-200.0,-0.047
53,buy,4258.15,4259.65,4256.15,tp,150.0,0.035
54,sell,4259.83,4258.33,4261.83,tp,150.0,0.035
55,sell,4257.57,4256.07,4259.57,tp,150.0,0.035
56,sell,4257.62,4256.12,4259.62,tp,150.0,0.035
57,sell,4256.75,4255.25,4258.75,tp,150.0,0.035
58,buy,4254.67,4256.17,4252.67,sl,-200.0,-0.047
59,sell,4253.52,4252.02,4255.52,sl,-200.0,-0.047
60,buy,4254.58,4256.08,4252.58,tp,150.0,0.035
61,sell,4252.24,4250.74,4254.24,tp,150.0,0.035
62,sell,4254.12,4252.62,4256.12,sl,-200.0,-0.047
63,buy,4255.57,4257.07,4253.57,sl,-200.0,-0.047
64,buy,4258.62,4260.12,4256.62,tp,150.0,0.035
65,buy,4260.82,4262.32,4258.82,tp,150.0,0.035
66,buy,4260.57,4262.07,4258.57,tp,150.0,0.035
67,sell,4259.76,4258.26,4261.76,sl,-200.0,-0.047
68,buy,4260.61,4262.11,4258.61,tp,150.0,0.035
69,buy,4260.5,4262.0,4258.5,tp,150.0,0.035
70,sell,4263.14,4261.64,4265.14,sl,-200.0,-0.047
71,sell,4263.65,4262.15,4265.65,tp,150.0,0.035
72,buy,4266.19,4267.69,4264.19,tp,150.0,0.035
73,sell,4267.32,4265.82,4269.32,tp,150.0,0.035
74,sell,4263.39,4261.89,4265.39,tp,150.0,0.035
75,sell,4262.71,4261.21,4264.71,sl,-200.0,-0.047
76,buy,4267.21,4268.71,4265.21,sl,-200.0,-0.047
77,buy,4264.59,4266.09,4262.59,tp,150.0,0.035
78,buy,4269.69,4271.19,4267.69,sl,-200.0,-0.047
79,sell,4268.57,4267.07,4270.57,tp,150.0,0.035
80,sell,4268.27,4266.77,4270.27,tp,150.0,0.035
81,sell,4266.67,4265.17,4268.67,tp,150.0,0.035
82,sell,4266.09,4264.59,4268.09,sl,-200.0,-0.047
83,buy,4266.64,4268.14,4264.64,tp,150.0,0.035
84,sell,4273.39,4271.89,4275.39,tp,150.0,0.035
85,sell,4271.29,4269.79,4273.29,sl,-200.0,-0.047
86,buy,4272.39,4273.89,4270.39,tp,150.0,0.035
87,buy,4280.16,4281.66,4278.16,tp,150.0,0.035
88,sell,4278.89,4277.39,4280.89,sl,-200.0,-0.047
89,buy,4282.89,4284.39,4280.89,tp,150.0,0.035
90,sell,4282.03,4280.53,4284.03,sl,-200.0,-0.047
91,buy,4287.39,4288.89,4285.39,tp,150.0,0.035
92,sell,4283.94,4282.44,4285.94,tp,150.0,0.035
93,buy,4294.03,4295.53,4292.03,sl,-200.0,-0.047
94,sell,4293.34,4291.84,4295.34,tp,150.0,0.035
95,sell,4291.38,4289.88,4293.38,tp,150.0,0.035
96,sell,4291.5,4290.0,4293.5,tp,150.0,0.035
97,buy,4292.22,4293.72,4290.22,sl,-200.0,-0.047
98,sell,4291.06,4289.56,4293.06,tp,150.0,0.035
99,sell,4290.0,4288.5,4292.0,sl,-200.0,-0.047
100,buy,4286.51,4288.01,4284.51,sl,-200.0,-0.047
101,sell,4285.7,4284.2,4287.7,sl,-200.0,-0.047
102,buy,4287.25,4288.75,4285.25,tp,150.0,0.035
103,buy,4285.13,4286.63,4283.13,tp,150.0,0.035
104,buy,4290.99,4292.49,4288.99,tp,150.0,0.035
105,buy,4296.07,4297.57,4294.07,tp,150.0,0.035
106,buy,4297.19,4298.69,4295.19,tp,150.0,0.035
107,sell,4299.37,4297.87,4301.37,tp,150.0,0.035
108,sell,4295.27,4293.77,4297.27,tp,150.0,0.035
109,sell,4294.99,4293.49,4296.99,tp,150.0,0.035
110,buy,4295.04,4296.54,4293.04,tp,150.0,0.035
111,sell,4309.31,4307.81,4311.31,tp,150.0,0.035
112,buy,4310.84,4312.34,4308.84,sl,-200.0,-0.046
113,sell,4308.05,4306.55,4310.05,tp,150.0,0.035
114,buy,4307.12,4308.62,4305.12,sl,-200.0,-0.046
115,sell,4305.02,4303.52,4307.02,tp,150.0,0.035
116,buy,4307.55,4309.05,4305.55,sl,-200.0,-0.046
117,buy,4306.3,4307.8,4304.3,tp,150.0,0.035
118,sell,4304.94,4303.44,4306.94,sl,-200.0,-0.046
119,buy,4305.86,4307.36,4303.86,tp,150.0,0.035
120,buy,4306.48,4307.98,4304.48,tp,150.0,0.035
121,sell,4306.55,4305.05,4308.55,sl,-200.0,-0.046
122,sell,4309.29,4307.79,4311.29,tp,150.0,0.035
123,buy,4303.93,4305.43,4301.93,tp,150.0,0.035
124,sell,4318.18,4316.68,4320.18,tp,150.0,0.035
125,sell,4316.72,4315.22,4318.72,tp,150.0,0.035
126,sell,4315.16,4313.66,4317.16,tp,150.0,0.035
127,sell,4310.94,4309.44,4312.94,tp,150.0,0.035
128,buy,4309.88,4311.38,4307.88,tp,150.0,0.035
129,buy,4312.89,4314.39,4310.89,tp,150.0,0.035
130,sell,4313.75,4312.25,4315.75,sl,-200.0,-0.046
131,buy,4316.55,4318.05,4314.55,sl,-200.0,-0.046
132,buy,4317.72,4319.22,4315.72,sl,-200.0,-0.046
133,buy,4320.23,4321.73,4318.23,sl,-200.0,-0.046
134,sell,4317.14,4315.64,4319.14,sl,-200.0,-0.046
135,sell,4322.39,4320.89,4324.39,tp,150.0,0.035
136,buy,4325.83,4327.33,4323.83,tp,150.0,0.035
137,sell,4322.62,4321.12,4324.62,sl,-200.0,-0.046
138,sell,4323.69,4322.19,4325.69,sl,-200.0,-0.046
139,sell,4322.53,4321.03,4324.53,tp,150.0,0.035
140,buy,4326.54,4328.04,4324.54,sl,-200.0,-0.046
141,sell,4312.44,4310.94,4314.44,tp,150.0,0.035
142,sell,4310.75,4309.25,4312.75,sl,-200.0,-0.046
143,sell,4310.53,4309.03,4312.53,sl,-200.0,-0.046
144,buy,4353.76,4355.26,4351.76,tp,150.0,0.034
145,buy,4359.37,4360.87,4357.37,sl,-200.0,-0.046
146,buy,4351.44,4352.94,4349.44,sl,-200.0,-0.046
147,sell,4349.29,4347.79,4351.29,sl,-200.0,-0.046
148,buy,4355.33,4356.83,4353.33,sl,-200.0,-0.046
149,buy,4356.77,4358.27,4354.77,sl,-200.0,-0.046
150,buy,4335.72,4337.22,4333.72,sl,-200.0,-0.046
151,sell,4334.95,4333.45,4336.95,tp,150.0,0.035
152,sell,4333.63,4332.13,4335.63,tp,150.0,0.035
153,buy,4336.35,4337.85,4334.35,tp,150.0,0.035
154,buy,4352.13,4353.63,4350.13,sl,-200.0,-0.046
155,buy,4347.48,4348.98,4345.48,tp,150.0,0.035
156,buy,4348.19,4349.69,4346.19,sl,-200.0,-0.046
157,sell,4346.44,4344.94,4348.44,tp,150.0,0.035
158,sell,4346.54,4345.04,4348.54,sl,-200.0,-0.046
159,sell,4344.63,4343.13,4346.63,tp,150.0,0.035
160,sell,4341.76,4340.26,4343.76,sl,-200.0,-0.046
161,buy,4347.04,4348.54,4345.04,tp,150.0,0.035
162,buy,4351.01,4352.51,4349.01,sl,-200.0,-0.046
163,buy,4350.05,4351.55,4348.05,tp,150.0,0.034
164,sell,4345.08,4343.58,4347.08,tp,150.0,0.035
165,buy,4343.99,4345.49,4341.99,sl,-200.0,-0.046
166,sell,4340.13,4338.63,4342.13,sl,-200.0,-0.046
167,sell,4347.03,4345.53,4349.03,tp,150.0,0.035
168,sell,4346.51,4345.01,4348.51,tp,150.0,0.035
169,sell,4345.34,4343.84,4347.34,tp,150.0,0.035
170,buy,4339.22,4340.72,4337.22,sl,-200.0,-0.046
171,buy,4341.65,4343.15,4339.65,sl,-200.0,-0.046
172,sell,4333.86,4332.36,4335.86,tp,150.0,0.035
173,buy,4330.31,4331.81,4328.31,sl,-200.0,-0.046
174,buy,4337.42,4338.92,4335.42,sl,-200.0,-0.046
175,buy,4335.94,4337.44,4333.94,sl,-200.0,-0.046
176,buy,4336.15,4337.65,4334.15,sl,-200.0,-0.046
177,sell,4335.16,4333.66,4337.16,sl,-200.0,-0.046
178,buy,4340.08,4341.58,4338.08,tp,150.0,0.035
179,buy,4337.68,4339.18,4335.68,sl,-200.0,-0.046
180,buy,4340.52,4342.02,4338.52,tp,150.0,0.035
181,sell,4336.62,4335.12,4338.62,tp,150.0,0.035
182,buy,4333.85,4335.35,4331.85,tp,150.0,0.035
183,sell,4332.52,4331.02,4334.52,sl,-200.0,-0.046
184,buy,4338.24,4339.74,4336.24,sl,-200.0,-0.046
185,buy,4337.2,4338.7,4335.2,sl,-200.0,-0.046
186,buy,4337.43,4338.93,4335.43,sl,-200.0,-0.046
187,sell,4336.65,4335.15,4338.65,tp,150.0,0.035
188,buy,4336.94,4338.44,4334.94,sl,-200.0,-0.046
189,sell,4336.42,4334.92,4338.42,tp,150.0,0.035
190,sell,4334.21,4332.71,4336.21,sl,-200.0,-0.046
191,buy,4342.43,4343.93,4340.43,tp,150.0,0.035
192,buy,4348.54,4350.04,4346.54,sl,-200.0,-0.046
193,sell,4347.09,4345.59,4349.09,tp,150.0,0.035
194,sell,4345.0,4343.5,4347.0,sl,-200.0,-0.046
195,buy,4348.8,4350.3,4346.8,sl,-200.0,-0.046
196,sell,4347.9,4346.4,4349.9,tp,150.0,0.034
197,buy,4344.32,4345.82,4342.32,sl,-200.0,-0.046
198,sell,4343.43,4341.93,4345.43,tp,150.0,0.035
199,sell,4341.41,4339.91,4343.41,tp,150.0,0.035
200,buy,4341.59,4343.09,4339.59,tp,150.0,0.035
201,buy,4342.62,4344.12,4340.62,sl,-200.0,-0.046
202,sell,4340.83,4339.33,4342.83,tp,150.0,0.035
203,sell,4338.55,4337.05,4340.55,tp,150.0,0.035
204,buy,4339.58,4341.08,4337.58,sl,-200.0,-0.046
205,buy,4337.04,4338.54,4335.04,tp,150.0,0.035
206,buy,4337.52,4339.02,4335.52,tp,150.0,0.035
207,buy,4340.64,4342.14,4338.64,tp,150.0,0.035
208,sell,4340.46,4338.96,4342.46,open_end,-84.0,-0.019
209,buy,4341.04,4342.54,4339.04,open_end,26.0,0.006
210,buy,4341.3,4342.8,4339.3,open_end,0.0,0.0
